{
  "cloud_store": {
    "mean": 1194.9297428131104,
    "median": 1036.4019870758057,
    "min": 997.7006912231445,
    "max": 1774.0581035614014,
    "std": 330.58298946732396
  },
  "cloud_search": {
    "mean": 1035.9405517578125,
    "median": 1009.4501972198486,
    "min": 950.2465724945068,
    "max": 1211.2905979156494
  },
  "file_read": {
    "mean": 0.04019737243652344,
    "median": 0.03552436828613281,
    "min": 0.012636184692382812,
    "max": 0.09131431579589844
  },
  "file_write": {
    "mean": 0.1163482666015625,
    "median": 0.09894371032714844,
    "min": 0.04506111145019531,
    "max": 0.2579689025878906
  }
}